customer_id,loyalty_member,total_sell,top_customer
11476,No,30136.35,1
13635,No,28481.390000000003,2
16357,No,27838.76,3
13534,No,26261.21,4
17236,No,25167.95,5
14436,No,25014.730000000003,6
13797,No,24949.25,7
18631,No,24820,8
15679,No,24754.22,9
15399,No,23009.8,10
