product_type,total_sell
Smartphone,14630325.529999968
Smartwatch,9557416.020000027
Laptop,8536583.029999977
Tablet,7893431.510000016
Headphones,2847454.719999998
